"c#", 80
"asp.net", 29
"html", 97
"jquery", 76
"entity-framework", 3
"ruby", 32
"nosql", 7
"riak", 2
"erlang", 2
"c++", 72
"linux", 43
"unix-programming", 1
"python", 76
"ace", 1
"gadgetfreak", 1
"css2", 1
"css", 77
"cocoa-touch", 3
"objective-c", 22
"ios5", 1
"iphone", 7
"ipad", 5
"automation", 3
"mobile", 8
"windows-phone-7.1", 1
"silverlight", 5
"h.264", 1
"rake", 1
"selenium", 6
"jmeter", 1
"php5", 4
"zend-framework", 2
"sysadmin", 19
"unix", 10
"perl", 14
"apache", 5
"mysql", 43
"redhat", 3
"django", 16
"cassandra", 3
"postgres", 2
"yui", 3
"business", 1
"architect", 3
"software", 1
"development", 1
"olap", 2
"java", 112
"sql", 40
"maven", 2
"continuous-integration", 4
"agile", 17
"dashboard", 1
"database", 4
"reporting", 1
"crm", 4
"artistic", 1
"ruby-on-rails", 44
"startup", 1
"real-time", 1
"high-availability", 2
"scala", 10
"ios", 28
"apple", 1
"android", 21
"froyo", 1
"gingerbread", 1
"honeycomb", 1
"oocss", 1
"vb.net", 6
"wcf", 7
"wpf", 9
"php", 61
"mongodb", 14
"tdd", 13
"javascript", 117
"technology", 1
"director", 1
"marketing", 1
"web-development", 11
"box-model", 1
"dom", 2
"node.js", 6
"java-ee", 9
"vbscript", 2
"asp-classic", 1
"c", 19
"groovy", 7
"kerberos", 1
"spnego", 1
"t-sql", 1
"pl-sql", 1
"extreme-programming", 1
"sql-server-2008", 4
"struts", 1
"eclipse", 4
"windows", 6
"platform", 1
"microsoft", 1
"server", 2
"visualization", 1
"analytics", 3
"svg", 1
"batch", 1
"powershell", 2
"winpe", 1
"architecture", 3
"messaging", 1
"functional-programming", 2
"memcached", 4
"nginx", 2
"ajax", 19
"coffeescript", 4
"backbone.js", 2
".net", 32
"devops", 1
"cloud", 3
"mvc", 12
"scriptaculous", 1
"asp.net-mvc", 7
"knockoutjs", 2
"jsp", 4
"jboss", 2
"git", 8
"sql-server", 17
"ssis-data-transformations", 1
"clustering", 1
"gui", 5
"winforms", 2
"sphinx", 1
"stl", 1
"com", 1
"hadoop", 9
"solr", 4
"rdbms", 1
"tcp", 2
"uml", 2
"magento", 1
"dojo", 3
"esri", 2
"user", 1
"design", 3
"information-architecture", 1
"ux", 2
"web-applications", 6
"lift", 1
"extjs", 1
"symfony", 1
"winmo", 1
"machine-learning", 1
"image-processing", 3
"data-mining", 2
"postgresql", 10
"android-ndk", 1
"mootools", 1
"restful", 1
"client-server", 2
"web-services", 4
"spring", 13
"oop", 11
"multithreading", 2
"hardware", 2
"linux-kernel", 2
"browser", 1
"qa", 1
"bugzilla", 1
"sqlite", 6
"mustache", 1
"windows-phone-7", 1
"jruby", 2
"loadrunner", 1
"soap", 2
"javascript-events", 1
"jquery-ui", 3
"drupal", 3
"management", 3
"developer", 2
"distributed-computing", 2
"application", 3
"opengl", 7
"servlet", 1
"javaserverfaces", 1
"network", 1
"telecom", 1
"voip", 1
"cisco", 2
"routers", 1
"erp", 1
"data-warehouse", 1
"lamp", 8
"saas", 4
"organization", 1
"google-closure", 1
"web-2.0", 1
"linq", 2
"webforms", 1
"cocoa", 6
"osx", 4
"desktop-application", 1
"stl-algorithm", 1
"data-structures", 2
"debugging", 1
"high-performance-systems", 1
"smart", 1
"fun", 1
"svn", 2
"database-design", 2
"unit-testing", 2
"serverweb", 1
"core-data", 1
"cocos2d-iphone", 1
"uikit", 1
"javascript-framework", 2
"object-oriented-database", 1
"user-experience", 2
"design-patterns", 1
"user-interface", 6
"visual-web-developer", 1
"xhtml", 3
"webkit", 2
"ps3", 1
"arm", 2
"silverlight-4.0", 1
"flash", 2
"photoshop", 2
"fireworks", 1
"adobe-illustrator", 1
"chef", 2
"redis", 2
"xslt", 2
"sql-server-2005", 3
"sql-server-2000", 1
"tsql", 3
"agilec++", 1
"memcache", 1
"google-app-engine", 2
"j2ee", 2
"json", 6
"xml", 7
"network-programming", 3
"shell-scripting", 2
"winsock", 1
"apc", 1
"winapi", 1
"objective", 4
"sharepoint", 4
"vb", 1
"jetty", 1
"xquery", 1
"jpa", 1
"android-sdk", 4
"kohana", 1
"cad", 1
"qt", 2
"puppet", 2
"hbase", 2
"jvm", 1
"ant", 1
"appengine", 2
"compilers", 1
"debuggers", 1
"oracle", 4
"haml", 2
"ubuntu", 2
"jython", 2
"facebook", 3
"facebook-graph-api", 2
"bdd", 1
"ruby-on-rails-3", 2
"lifecycle", 1
"rest", 13
"actionscript", 2
"bash", 1
"performance-tuning", 1
"wordpress", 2
"video", 2
"amazon-ec2", 1
"nfs", 1
"msbuild", 1
"tfs", 1
"build", 1
"release", 1
"3d", 1
"opengl-es", 2
"internet", 1
"couchdb", 2
"lucene", 4
"nlp", 1
"mapreduce", 2
"ruby-on.rails", 1
"asp.net-mvc-3", 4
"twitter", 1
"distributed-caching", 1
"scale", 1
"core-java", 1
"database-schema-design", 1
"concurrency", 1
"threading", 1
"jquery-ajax", 4
"web-frontend", 1
"biztalk-2010", 1
"edi", 1
"visual-studio-2010", 1
"asp", 1
"stored-procedures", 1
"software-engineering", 4
"embedded", 3
"consulting", 1
"clojure", 1
"api", 4
"cucumber", 1
"spring-security", 1
"soa", 2
"otp", 1
"ab-testing", 1
"refactoring", 2
"macosx", 1
"agile-development", 2
"build-automation", 2
"data", 1
"agile-scrum", 1
"social-networking", 3
"educational", 1
"agilescrum", 1
"networking", 3
"desktop", 1
"web", 4
"algorithm", 3
"signal-processing", 1
"scrum", 1
"automated-testing", 1
"augmented-reality", 1
"game-development", 2
"db2", 1
"sqlserver", 1
"jax-ws", 2
"ui", 1
"mongoid", 1
"grails", 4
"hibernate", 4
"tomcat", 3
"kernel", 2
"algorithms", 1
"nhibernate", 1
"ocaml", 1
"haskell", 1
"scheme", 1
"mobile-phones", 1
"aws", 2
"data-modeling", 2
"reporting-services", 1
"js", 1
"silicon-milkroundabout", 2
"e-commerce", 1
"web-analytics", 1
"kentico", 1
"computer-vision", 1
"artificial-intelligence", 1
"iis7", 1
"stata", 1
"gis", 1
"mssql", 1
"build-cool-stuff", 1
"winrunner", 1
"awk", 2
"adobe-indesign", 1
"dhtml", 1
"zk", 1
"scalability", 4
"gdb", 1
"j2me", 1
"brew", 1
"nunit", 1
"teamcity", 1
"mobileweb", 1
"testing", 1
"visual-studio", 1
"audio", 1
"html5-video", 1
"soapui", 1
"automated-tests", 1
"arcgis", 1
"math", 1
"html5-canvas", 1
"iis", 1
"jms", 1
"device-driver", 1
"restsoa", 1
"jspjstl", 1
"open-source", 2
"oauth", 1
"security", 2
"assembly", 1
"vulnerability", 1
"vulnerability-discovery", 1
"vulnerability-research", 1
"software-development", 1
"forensic-investigation", 1
"backbone", 1
"ejb-3.0", 1
"dba", 1
"ice", 1
"h264", 1
"ffmpeg", 1
"ravendb", 1
"coldfusion", 1
"imap", 2
"anthill", 1
"installshield", 1
"jira", 1
"webparts", 1
"adobe", 1
"opencl", 1
"3d-graphics", 1
"computational-geometry", 1
"flask", 1
"xbase", 1
"ecommerce", 1
"code", 1
"cloudbase", 1
"gwt", 2
"munin", 1
"nagios", 2
"monitoring", 1
"vps", 1
"scaling", 1
"performance", 1
"vsto", 1
"windows-services", 1
"google-maps", 1
"semantic-web", 1
"codeigniter", 1
"directx", 1
"matlab", 1
"simulink", 1
"databases", 1
"pentaho", 1
"sip", 1
"mod-perl", 1
".net-2.0", 1
"amazon-web-services", 1
"swing", 1
"osmf", 1
"akamai", 1
"restlet", 1
"ddd", 1
"ruby-on-rails-3.1", 1
"directshow", 1
"sdk", 1
"big-o", 1
"indie-games", 1
"cc++", 1
"expression-blend", 1
"orm", 1
"hive", 1
"hdfs", 1
"cryptography", 1
"lbm", 1
"tibco", 1
"azure", 1
